{"env_name": "InvertedPendulum-v4", "exp_name": "pendulum_b2407_lr2.7e-02_blr3.3e-03_bgs23_d0.9996_l1_s64_rtg", "n_iter": 100, "use_reward_to_go": true, "use_baseline": false, "baseline_learning_rate": 0.0033092177196254353, "baseline_gradient_steps": 23, "gae_lambda": null, "normalize_advantages": false, "batch_size": 2407, "eval_batch_size": 1000, "discount": 0.9995635590730502, "learning_rate": 0.027390766853413333, "n_layers": 1, "layer_size": 64, "ep_len": null, "seed": 1, "no_gpu": false, "which_gpu": 0, "video_log_freq": -1, "scalar_log_freq": 1, "group": "pendulum_sweep_v2", "save_dir": "exp/InvertedPendulum-v4_pendulum_b2407_lr2.7e-02_blr3.3e-03_bgs23_d0.9996_l1_s64_rtg_sd1_20260217_212907"}